[
{
   "model": "contenttypes.contenttype",
   "pk": 1,
   "fields": {
      "app_label": "admin",
      "model": "logentry"
   }
},
{
   "model": "contenttypes.contenttype",
   "pk": 2,
   "fields": {
      "app_label": "auth",
      "model": "group"
   }
},
{
   "model": "contenttypes.contenttype",
   "pk": 3,
   "fields": {
      "app_label": "auth",
      "model": "permission"
   }
},
{
   "model": "contenttypes.contenttype",
   "pk": 4,
   "fields": {
      "app_label": "auth",
      "model": "user"
   }
},
{
   "model": "contenttypes.contenttype",
   "pk": 5,
   "fields": {
      "app_label": "contenttypes",
      "model": "contenttype"
   }
},
{
   "model": "contenttypes.contenttype",
   "pk": 6,
   "fields": {
      "app_label": "sessions",
      "model": "session"
   }
},
{
   "model": "contenttypes.contenttype",
   "pk": 7,
   "fields": {
      "app_label": "questions",
      "model": "question"
   }
},
{
   "model": "contenttypes.contenttype",
   "pk": 8,
   "fields": {
      "app_label": "questions",
      "model": "answer"
   }
},
{
   "model": "contenttypes.contenttype",
   "pk": 9,
   "fields": {
      "app_label": "questions",
      "model": "tag"
   }
},
{
   "model": "contenttypes.contenttype",
   "pk": 10,
   "fields": {
      "app_label": "questions",
      "model": "profile"
   }
},
{
   "model": "contenttypes.contenttype",
   "pk": 11,
   "fields": {
      "app_label": "questions",
      "model": "like"
   }
},
{
   "model": "sessions.session",
   "pk": "i7rn9fewygddul52t6viukxr314dq0dy",
   "fields": {
      "session_data": "ODZmNTNhYjBjODgwNTNhNmQ5YzAyMTk0NzYwOGI4MjUzMDI5YTNlNzp7Il9hdXRoX3VzZXJfaGFzaCI6IjljNWZkYjQ2YjQxOWNjMjMxNDNmZGEwNTlmYWFhNGVjZTc5YjRkZmUiLCJfYXV0aF91c2VyX2JhY2tlbmQiOiJkamFuZ28uY29udHJpYi5hdXRoLmJhY2tlbmRzLk1vZGVsQmFja2VuZCIsIl9hdXRoX3VzZXJfaWQiOiI2In0=",
      "expire_date": "2018-01-08T11:42:24.248Z"
   }
},
{
   "model": "sessions.session",
   "pk": "jnjnvq1ynuvxlplq6l42cya9m6d9x1w4",
   "fields": {
      "session_data": "ODZhNDIxZmQ5NDU2YzU4MGQxNDBkMTc0MGM0Yjk5MjUzM2YxYmYzZDp7Il9hdXRoX3VzZXJfaGFzaCI6IjM0MTA0M2RiMjU5YzBkZmY2YzIwN2JjNjUwODY5M2NmNDhmZDM2MTYiLCJfYXV0aF91c2VyX2JhY2tlbmQiOiJkamFuZ28uY29udHJpYi5hdXRoLmJhY2tlbmRzLk1vZGVsQmFja2VuZCIsIl9hdXRoX3VzZXJfaWQiOiIxIn0=",
      "expire_date": "2018-01-07T21:48:12.985Z"
   }
},
{
   "model": "sessions.session",
   "pk": "kcwpkd8icaccmr5z0kdoe35h92vca9ja",
   "fields": {
      "session_data": "YTQzZTQxMzA2ZTUwMDdmNDU5MjU0MTdkMmIzMjYwMDU3ZDMwOWMyOTp7Il9hdXRoX3VzZXJfaGFzaCI6ImY1YWM5ZDVkZDcwZjc0MTc5M2I5N2JjNTIyNDk2YTQ5NmQ1MzRlNTIiLCJfYXV0aF91c2VyX2JhY2tlbmQiOiJkamFuZ28uY29udHJpYi5hdXRoLmJhY2tlbmRzLk1vZGVsQmFja2VuZCIsIl9hdXRoX3VzZXJfaWQiOiI4In0=",
      "expire_date": "2018-02-13T23:47:24.575Z"
   }
},
{
   "model": "sessions.session",
   "pk": "mkh4umj6heycr4mdvvh1fllhy28w1sdh",
   "fields": {
      "session_data": "ODZhNDIxZmQ5NDU2YzU4MGQxNDBkMTc0MGM0Yjk5MjUzM2YxYmYzZDp7Il9hdXRoX3VzZXJfaGFzaCI6IjM0MTA0M2RiMjU5YzBkZmY2YzIwN2JjNjUwODY5M2NmNDhmZDM2MTYiLCJfYXV0aF91c2VyX2JhY2tlbmQiOiJkamFuZ28uY29udHJpYi5hdXRoLmJhY2tlbmRzLk1vZGVsQmFja2VuZCIsIl9hdXRoX3VzZXJfaWQiOiIxIn0=",
      "expire_date": "2018-01-07T21:49:28.001Z"
   }
},
{
   "model": "sessions.session",
   "pk": "qk5gm19y1k5682drcghfj9t9gp5q6isn",
   "fields": {
      "session_data": "ZmNmNzQ4YTUyYzk4Y2ZiMjE1ZmQ2MjdkNDU0NWFkODA4OWFiNzZkZjp7Il9hdXRoX3VzZXJfaGFzaCI6ImQ0YTgyNDQ3MmE0ZGU1YTNjOTMzY2VmZmU2MzFkYjNhZGYwYmRhNDUiLCJfYXV0aF91c2VyX2JhY2tlbmQiOiJkamFuZ28uY29udHJpYi5hdXRoLmJhY2tlbmRzLk1vZGVsQmFja2VuZCIsIl9hdXRoX3VzZXJfaWQiOiIyIn0=",
      "expire_date": "2018-01-07T22:18:08.051Z"
   }
},
{
   "model": "questions.question",
   "pk": 1,
   "fields": {
      "user": 1,
      "title": "Go v Sochi?",
      "text": "Budem katat' na lizhah",
      "rating": 1,
      "pub_date": "2017-12-24T20:14:29Z",
      "tag": [
         1
      ]
   }
},
{
   "model": "questions.question",
   "pk": 7,
   "fields": {
      "user": 4,
      "title": "Hello?",
      "text": "hello!",
      "rating": 2,
      "pub_date": "2017-12-25T10:41:50.773Z",
      "tag": [
         1,
         3
      ]
   }
},
{
   "model": "questions.question",
   "pk": 8,
   "fields": {
      "user": 5,
      "title": "go v stolovku",
      "text": "zhraaaat'",
      "rating": 1,
      "pub_date": "2017-12-25T10:44:26.159Z",
      "tag": [
         1
      ]
   }
},
{
   "model": "questions.question",
   "pk": 9,
   "fields": {
      "user": 5,
      "title": "Ahahaha",
      "text": "ahahaha?",
      "rating": 0,
      "pub_date": "2017-12-25T10:47:05.398Z",
      "tag": [
         1
      ]
   }
},
{
   "model": "questions.question",
   "pk": 10,
   "fields": {
      "user": 5,
      "title": "Choooo?",
      "text": "cho????",
      "rating": 0,
      "pub_date": "2017-12-25T10:47:46.930Z",
      "tag": [
         1
      ]
   }
},
{
   "model": "questions.question",
   "pk": 11,
   "fields": {
      "user": 5,
      "title": "WTF?",
      "text": "What the hell is going on?",
      "rating": 0,
      "pub_date": "2017-12-25T10:48:10.976Z",
      "tag": [
         1
      ]
   }
},
{
   "model": "questions.question",
   "pk": 17,
   "fields": {
      "user": 1,
      "title": "Head test! Head test! Head test! Head test! Head test! Head test! Head test! Head test! Head test! Head test! Head test! Head test!",
      "text": "asdas",
      "rating": 0,
      "pub_date": "2018-01-29T23:59:01.015Z",
      "tag": [
         1,
         3,
         2,
         5,
         6,
         7,
         8,
         9
      ]
   }
},
{
   "model": "questions.question",
   "pk": 18,
   "fields": {
      "user": 3,
      "title": "one more",
      "text": "sdfsdf",
      "rating": 0,
      "pub_date": "2018-01-30T00:00:48.400Z",
      "tag": [
         10
      ]
   }
},
{
   "model": "questions.question",
   "pk": 19,
   "fields": {
      "user": 1,
      "title": "teeeeeeeeeeeeeeeeeeeeeeeeeeeeeeeeeeest",
      "text": "teeeeeeeeeeeeeeeeeeeeeeeeeeeeeeeeeeeeeeeeeeeeeeeeeeeeeeest",
      "rating": 0,
      "pub_date": "2018-01-30T02:24:56.597Z",
      "tag": [
         10
      ]
   }
},
{
   "model": "questions.question",
   "pk": 20,
   "fields": {
      "user": 8,
      "title": "Quest one more",
      "text": "ahahahah",
      "rating": 0,
      "pub_date": "2018-01-30T22:56:51.616Z",
      "tag": [
         1,
         2
      ]
   }
},
{
   "model": "questions.question",
   "pk": 21,
   "fields": {
      "user": 8,
      "title": "wowowow",
      "text": "priest",
      "rating": 0,
      "pub_date": "2018-01-30T22:57:09.341Z",
      "tag": [
         11
      ]
   }
},
{
   "model": "questions.answer",
   "pk": 1,
   "fields": {
      "user": 2,
      "question": 1,
      "text": "yes",
      "rating": 0,
      "correct": false,
      "pub_date": "2017-12-24T23:04:37.710Z"
   }
},
{
   "model": "questions.answer",
   "pk": 2,
   "fields": {
      "user": 6,
      "question": 1,
      "text": "no",
      "rating": 0,
      "correct": false,
      "pub_date": "2017-12-25T11:46:11.837Z"
   }
},
{
   "model": "questions.answer",
   "pk": 3,
   "fields": {
      "user": 7,
      "question": 1,
      "text": "\u0433\u043e",
      "rating": 0,
      "correct": false,
      "pub_date": "2018-01-16T14:46:29.776Z"
   }
},
{
   "model": "questions.answer",
   "pk": 4,
   "fields": {
      "user": 7,
      "question": 7,
      "text": "\u043f\u0440\u0438\u0432\u0435\u0442",
      "rating": 0,
      "correct": false,
      "pub_date": "2018-01-16T14:46:41.794Z"
   }
},
{
   "model": "questions.tag",
   "pk": 1,
   "fields": {
      "name": "other"
   }
},
{
   "model": "questions.tag",
   "pk": 2,
   "fields": {
      "name": "c++"
   }
},
{
   "model": "questions.tag",
   "pk": 3,
   "fields": {
      "name": "java"
   }
},
{
   "model": "questions.tag",
   "pk": 4,
   "fields": {
      "name": "pogoda"
   }
},
{
   "model": "questions.tag",
   "pk": 5,
   "fields": {
      "name": "c#"
   }
},
{
   "model": "questions.tag",
   "pk": 6,
   "fields": {
      "name": "python"
   }
},
{
   "model": "questions.tag",
   "pk": 7,
   "fields": {
      "name": "javascript"
   }
},
{
   "model": "questions.tag",
   "pk": 8,
   "fields": {
      "name": "swift"
   }
},
{
   "model": "questions.tag",
   "pk": 9,
   "fields": {
      "name": ""
   }
},
{
   "model": "questions.tag",
   "pk": 10,
   "fields": {
      "name": "test"
   }
},
{
   "model": "questions.tag",
   "pk": 11,
   "fields": {
      "name": "wow"
   }
},
{
   "model": "auth.permission",
   "pk": 1,
   "fields": {
      "name": "Can add log entry",
      "content_type": 1,
      "codename": "add_logentry"
   }
},
{
   "model": "auth.permission",
   "pk": 2,
   "fields": {
      "name": "Can change log entry",
      "content_type": 1,
      "codename": "change_logentry"
   }
},
{
   "model": "auth.permission",
   "pk": 3,
   "fields": {
      "name": "Can delete log entry",
      "content_type": 1,
      "codename": "delete_logentry"
   }
},
{
   "model": "auth.permission",
   "pk": 4,
   "fields": {
      "name": "Can add group",
      "content_type": 2,
      "codename": "add_group"
   }
},
{
   "model": "auth.permission",
   "pk": 5,
   "fields": {
      "name": "Can change group",
      "content_type": 2,
      "codename": "change_group"
   }
},
{
   "model": "auth.permission",
   "pk": 6,
   "fields": {
      "name": "Can delete group",
      "content_type": 2,
      "codename": "delete_group"
   }
},
{
   "model": "auth.permission",
   "pk": 7,
   "fields": {
      "name": "Can add permission",
      "content_type": 3,
      "codename": "add_permission"
   }
},
{
   "model": "auth.permission",
   "pk": 8,
   "fields": {
      "name": "Can change permission",
      "content_type": 3,
      "codename": "change_permission"
   }
},
{
   "model": "auth.permission",
   "pk": 9,
   "fields": {
      "name": "Can delete permission",
      "content_type": 3,
      "codename": "delete_permission"
   }
},
{
   "model": "auth.permission",
   "pk": 10,
   "fields": {
      "name": "Can add user",
      "content_type": 4,
      "codename": "add_user"
   }
},
{
   "model": "auth.permission",
   "pk": 11,
   "fields": {
      "name": "Can change user",
      "content_type": 4,
      "codename": "change_user"
   }
},
{
   "model": "auth.permission",
   "pk": 12,
   "fields": {
      "name": "Can delete user",
      "content_type": 4,
      "codename": "delete_user"
   }
},
{
   "model": "auth.permission",
   "pk": 13,
   "fields": {
      "name": "Can add content type",
      "content_type": 5,
      "codename": "add_contenttype"
   }
},
{
   "model": "auth.permission",
   "pk": 14,
   "fields": {
      "name": "Can change content type",
      "content_type": 5,
      "codename": "change_contenttype"
   }
},
{
   "model": "auth.permission",
   "pk": 15,
   "fields": {
      "name": "Can delete content type",
      "content_type": 5,
      "codename": "delete_contenttype"
   }
},
{
   "model": "auth.permission",
   "pk": 16,
   "fields": {
      "name": "Can add session",
      "content_type": 6,
      "codename": "add_session"
   }
},
{
   "model": "auth.permission",
   "pk": 17,
   "fields": {
      "name": "Can change session",
      "content_type": 6,
      "codename": "change_session"
   }
},
{
   "model": "auth.permission",
   "pk": 18,
   "fields": {
      "name": "Can delete session",
      "content_type": 6,
      "codename": "delete_session"
   }
},
{
   "model": "auth.permission",
   "pk": 19,
   "fields": {
      "name": "Can add question",
      "content_type": 7,
      "codename": "add_question"
   }
},
{
   "model": "auth.permission",
   "pk": 20,
   "fields": {
      "name": "Can change question",
      "content_type": 7,
      "codename": "change_question"
   }
},
{
   "model": "auth.permission",
   "pk": 21,
   "fields": {
      "name": "Can delete question",
      "content_type": 7,
      "codename": "delete_question"
   }
},
{
   "model": "auth.permission",
   "pk": 22,
   "fields": {
      "name": "Can add answer",
      "content_type": 8,
      "codename": "add_answer"
   }
},
{
   "model": "auth.permission",
   "pk": 23,
   "fields": {
      "name": "Can change answer",
      "content_type": 8,
      "codename": "change_answer"
   }
},
{
   "model": "auth.permission",
   "pk": 24,
   "fields": {
      "name": "Can delete answer",
      "content_type": 8,
      "codename": "delete_answer"
   }
},
{
   "model": "auth.permission",
   "pk": 25,
   "fields": {
      "name": "Can add tag",
      "content_type": 9,
      "codename": "add_tag"
   }
},
{
   "model": "auth.permission",
   "pk": 26,
   "fields": {
      "name": "Can change tag",
      "content_type": 9,
      "codename": "change_tag"
   }
},
{
   "model": "auth.permission",
   "pk": 27,
   "fields": {
      "name": "Can delete tag",
      "content_type": 9,
      "codename": "delete_tag"
   }
},
{
   "model": "auth.permission",
   "pk": 28,
   "fields": {
      "name": "Can add profile",
      "content_type": 10,
      "codename": "add_profile"
   }
},
{
   "model": "auth.permission",
   "pk": 29,
   "fields": {
      "name": "Can change profile",
      "content_type": 10,
      "codename": "change_profile"
   }
},
{
   "model": "auth.permission",
   "pk": 30,
   "fields": {
      "name": "Can delete profile",
      "content_type": 10,
      "codename": "delete_profile"
   }
},
{
   "model": "auth.permission",
   "pk": 31,
   "fields": {
      "name": "Can add like",
      "content_type": 11,
      "codename": "add_like"
   }
},
{
   "model": "auth.permission",
   "pk": 32,
   "fields": {
      "name": "Can change like",
      "content_type": 11,
      "codename": "change_like"
   }
},
{
   "model": "auth.permission",
   "pk": 33,
   "fields": {
      "name": "Can delete like",
      "content_type": 11,
      "codename": "delete_like"
   }
},
{
   "model": "auth.user",
   "pk": 1,
   "fields": {
      "password": "pbkdf2_sha256$36000$XkgjUoF1Ztdh$3z3dW3Q8MQVaewFcHNCQ9V+HRLFUly0af3G5DyBmW4A=",
      "last_login": "2018-01-30T02:25:13.735Z",
      "is_superuser": true,
      "username": "supreme",
      "first_name": "",
      "last_name": "",
      "email": "supreme@ya.ru",
      "is_staff": true,
      "is_active": true,
      "date_joined": "2017-12-24T20:00:34.367Z",
      "groups": [],
      "user_permissions": []
   }
},
{
   "model": "auth.user",
   "pk": 2,
   "fields": {
      "password": "1234567890",
      "last_login": "2018-01-30T23:13:06.842Z",
      "is_superuser": false,
      "username": "Mishka97",
      "first_name": "",
      "last_name": "",
      "email": "misha@ya.ru",
      "is_staff": false,
      "is_active": true,
      "date_joined": "2017-12-24T20:12:29.478Z",
      "groups": [],
      "user_permissions": []
   }
},
{
   "model": "auth.user",
   "pk": 3,
   "fields": {
      "password": "pbkdf2_sha256$36000$s9Bl2JXHC3s8$hUn0ua3vWpUPmZ8lEEWq00qmh7z0gFM4wDFse+4B+YQ=",
      "last_login": "2017-12-24T23:04:16.760Z",
      "is_superuser": false,
      "username": "petros",
      "first_name": "",
      "last_name": "",
      "email": "petr@ua.ru",
      "is_staff": false,
      "is_active": true,
      "date_joined": "2017-12-24T22:20:25.252Z",
      "groups": [],
      "user_permissions": []
   }
},
{
   "model": "auth.user",
   "pk": 4,
   "fields": {
      "password": "pbkdf2_sha256$36000$jS2qoQZhb6rd$LV6a1rTmrGMbOasaGozIKclenLLpLk6riHHPenD1W4Y=",
      "last_login": "2018-01-30T00:09:18.209Z",
      "is_superuser": false,
      "username": "dashusik77",
      "first_name": "",
      "last_name": "",
      "email": "dasha@ya.ru",
      "is_staff": false,
      "is_active": true,
      "date_joined": "2017-12-25T10:41:15.367Z",
      "groups": [],
      "user_permissions": []
   }
},
{
   "model": "auth.user",
   "pk": 5,
   "fields": {
      "password": "pbkdf2_sha256$36000$1E3h8n8PAYJo$+Gak8oGDLd/fsxC71Ti0kdO+qFSjw23+hlx24U4e44U=",
      "last_login": "2017-12-25T10:43:42.766Z",
      "is_superuser": false,
      "username": "Chapay",
      "first_name": "",
      "last_name": "",
      "email": "chapay@ya.ru",
      "is_staff": false,
      "is_active": true,
      "date_joined": "2017-12-25T10:43:21.638Z",
      "groups": [],
      "user_permissions": []
   }
},
{
   "model": "auth.user",
   "pk": 6,
   "fields": {
      "password": "pbkdf2_sha256$36000$YZiN2EnFZAqN$w9jteZp57bG8/kV7BzCpce6y1llb6UWPJ8bGTRyKHxI=",
      "last_login": "2017-12-25T11:42:24.160Z",
      "is_superuser": false,
      "username": "maksik",
      "first_name": "",
      "last_name": "",
      "email": "maks@ya.ru",
      "is_staff": false,
      "is_active": true,
      "date_joined": "2017-12-25T11:42:14.415Z",
      "groups": [],
      "user_permissions": []
   }
},
{
   "model": "auth.user",
   "pk": 7,
   "fields": {
      "password": "pbkdf2_sha256$36000$5U9UVU9qzF9j$A2Np1fvAhxYY133PeqrF/KG1KS9tFJ4PBEq4T4+QL5I=",
      "last_login": "2018-01-09T11:53:52.425Z",
      "is_superuser": false,
      "username": "bender",
      "first_name": "",
      "last_name": "",
      "email": "bender@ya.ru",
      "is_staff": false,
      "is_active": true,
      "date_joined": "2018-01-09T11:53:41.792Z",
      "groups": [],
      "user_permissions": []
   }
},
{
   "model": "auth.user",
   "pk": 8,
   "fields": {
      "password": "pbkdf2_sha256$36000$sd4MoMmIMGb0$5cl06KGQLrxitDGf9EEahj3Pb9fu7dmXK5oSNFa7Msw=",
      "last_login": "2018-01-30T23:47:24.497Z",
      "is_superuser": true,
      "username": "supreme777",
      "first_name": "",
      "last_name": "",
      "email": "cxcsa@mai.ru",
      "is_staff": true,
      "is_active": true,
      "date_joined": "2018-01-18T10:06:02.256Z",
      "groups": [],
      "user_permissions": []
   }
},
{
   "model": "auth.user",
   "pk": 9,
   "fields": {
      "password": "6476546cvcbv",
      "last_login": "2018-01-30T22:52:16.965Z",
      "is_superuser": false,
      "username": "troyan",
      "first_name": "",
      "last_name": "",
      "email": "tr@ya.ru",
      "is_staff": false,
      "is_active": true,
      "date_joined": "2018-01-30T22:52:03.273Z",
      "groups": [],
      "user_permissions": []
   }
},
{
   "model": "questions.profile",
   "pk": 1,
   "fields": {
      "user": 2,
      "nickname": "Mikhail",
      "avatar": ""
   }
},
{
   "model": "questions.profile",
   "pk": 2,
   "fields": {
      "user": 3,
      "nickname": "Petros",
      "avatar": "uploads/2017-11-14-192418_Hfp938l.jpg"
   }
},
{
   "model": "questions.profile",
   "pk": 3,
   "fields": {
      "user": 1,
      "nickname": "supreme",
      "avatar": "uploads/\u0421\u043d\u0438\u043c\u043e\u043a_\u044d\u043a\u0440\u0430\u043d\u0430_\u043e\u0442_2017-09-22_15-31-51.png"
   }
},
{
   "model": "questions.profile",
   "pk": 4,
   "fields": {
      "user": 4,
      "nickname": "dasha",
      "avatar": "uploads/2017-12-15-161748_tkrfwFS.jpg"
   }
},
{
   "model": "questions.profile",
   "pk": 5,
   "fields": {
      "user": 5,
      "nickname": "kostya",
      "avatar": "uploads/2017-11-14-183949_aCPuIC9.jpg"
   }
},
{
   "model": "questions.profile",
   "pk": 6,
   "fields": {
      "user": 6,
      "nickname": "maksim",
      "avatar": "uploads/2017-12-25-144126.jpg"
   }
},
{
   "model": "questions.profile",
   "pk": 7,
   "fields": {
      "user": 7,
      "nickname": "vova",
      "avatar": "uploads/2017-12-07-223335.jpg"
   }
},
{
   "model": "questions.profile",
   "pk": 8,
   "fields": {
      "user": 9,
      "nickname": "sashka",
      "avatar": ""
   }
},
{
   "model": "questions.like",
   "pk": 66,
   "fields": {
      "question_key": 1,
      "like_author": 3,
      "rate": true
   }
},
{
   "model": "questions.like",
   "pk": 67,
   "fields": {
      "question_key": 7,
      "like_author": 5,
      "rate": true
   }
},
{
   "model": "questions.like",
   "pk": 69,
   "fields": {
      "question_key": 8,
      "like_author": 5,
      "rate": true
   }
},
{
   "model": "questions.like",
   "pk": 86,
   "fields": {
      "question_key": 7,
      "like_author": 6,
      "rate": true
   }
},
{
   "model": "questions.like",
   "pk": 88,
   "fields": {
      "question_key": 1,
      "like_author": 7,
      "rate": true
   }
},
{
   "model": "questions.like",
   "pk": 96,
   "fields": {
      "question_key": 1,
      "like_author": 1,
      "rate": false
   }
},
{
   "model": "admin.logentry",
   "pk": 1,
   "fields": {
      "action_time": "2017-12-24T20:25:09.891Z",
      "user": 1,
      "content_type": 11,
      "object_id": "1",
      "object_repr": "Like object",
      "action_flag": 1,
      "change_message": "[{\"added\": {}}]"
   }
},
{
   "model": "admin.logentry",
   "pk": 2,
   "fields": {
      "action_time": "2017-12-24T20:30:25.562Z",
      "user": 1,
      "content_type": 11,
      "object_id": "2",
      "object_repr": "Like object",
      "action_flag": 3,
      "change_message": ""
   }
},
{
   "model": "admin.logentry",
   "pk": 3,
   "fields": {
      "action_time": "2017-12-24T20:30:28.225Z",
      "user": 1,
      "content_type": 11,
      "object_id": "1",
      "object_repr": "Like object",
      "action_flag": 3,
      "change_message": ""
   }
},
{
   "model": "admin.logentry",
   "pk": 4,
   "fields": {
      "action_time": "2017-12-24T20:30:59.028Z",
      "user": 1,
      "content_type": 9,
      "object_id": "1",
      "object_repr": "other",
      "action_flag": 1,
      "change_message": "[{\"added\": {}}]"
   }
},
{
   "model": "admin.logentry",
   "pk": 5,
   "fields": {
      "action_time": "2017-12-24T20:31:02.049Z",
      "user": 1,
      "content_type": 7,
      "object_id": "1",
      "object_repr": "1 Go v Sochi? 1 2017-12-24 20:14:29+00:00",
      "action_flag": 2,
      "change_message": "[{\"changed\": {\"fields\": [\"rating\", \"tag\"]}}]"
   }
},
{
   "model": "admin.logentry",
   "pk": 6,
   "fields": {
      "action_time": "2017-12-24T20:51:22.480Z",
      "user": 1,
      "content_type": 11,
      "object_id": "3",
      "object_repr": "Like object",
      "action_flag": 3,
      "change_message": ""
   }
},
{
   "model": "admin.logentry",
   "pk": 7,
   "fields": {
      "action_time": "2017-12-24T21:09:26.045Z",
      "user": 1,
      "content_type": 11,
      "object_id": "5",
      "object_repr": "Like object",
      "action_flag": 3,
      "change_message": ""
   }
},
{
   "model": "admin.logentry",
   "pk": 8,
   "fields": {
      "action_time": "2017-12-24T21:09:28.354Z",
      "user": 1,
      "content_type": 11,
      "object_id": "4",
      "object_repr": "Like object",
      "action_flag": 3,
      "change_message": ""
   }
},
{
   "model": "admin.logentry",
   "pk": 9,
   "fields": {
      "action_time": "2017-12-24T21:09:50.358Z",
      "user": 1,
      "content_type": 7,
      "object_id": "1",
      "object_repr": "1 Go v Sochi? 0 2017-12-24 20:14:29+00:00",
      "action_flag": 2,
      "change_message": "[{\"changed\": {\"fields\": [\"rating\"]}}]"
   }
},
{
   "model": "admin.logentry",
   "pk": 10,
   "fields": {
      "action_time": "2017-12-24T21:29:51.923Z",
      "user": 1,
      "content_type": 11,
      "object_id": "7",
      "object_repr": "Like object",
      "action_flag": 3,
      "change_message": ""
   }
},
{
   "model": "admin.logentry",
   "pk": 11,
   "fields": {
      "action_time": "2017-12-24T21:29:54.864Z",
      "user": 1,
      "content_type": 11,
      "object_id": "6",
      "object_repr": "Like object",
      "action_flag": 3,
      "change_message": ""
   }
},
{
   "model": "admin.logentry",
   "pk": 12,
   "fields": {
      "action_time": "2017-12-24T22:14:00.173Z",
      "user": 1,
      "content_type": 11,
      "object_id": "8",
      "object_repr": "Like object",
      "action_flag": 3,
      "change_message": ""
   }
},
{
   "model": "admin.logentry",
   "pk": 13,
   "fields": {
      "action_time": "2017-12-24T22:14:32.344Z",
      "user": 1,
      "content_type": 11,
      "object_id": "9",
      "object_repr": "Like object",
      "action_flag": 3,
      "change_message": ""
   }
},
{
   "model": "admin.logentry",
   "pk": 14,
   "fields": {
      "action_time": "2017-12-24T22:41:07.657Z",
      "user": 1,
      "content_type": 11,
      "object_id": "11",
      "object_repr": "Like object",
      "action_flag": 3,
      "change_message": ""
   }
},
{
   "model": "admin.logentry",
   "pk": 15,
   "fields": {
      "action_time": "2017-12-24T22:41:10.419Z",
      "user": 1,
      "content_type": 11,
      "object_id": "10",
      "object_repr": "Like object",
      "action_flag": 3,
      "change_message": ""
   }
},
{
   "model": "admin.logentry",
   "pk": 16,
   "fields": {
      "action_time": "2017-12-24T22:46:27.540Z",
      "user": 1,
      "content_type": 11,
      "object_id": "31",
      "object_repr": "Like object",
      "action_flag": 3,
      "change_message": ""
   }
},
{
   "model": "admin.logentry",
   "pk": 17,
   "fields": {
      "action_time": "2017-12-24T23:01:50.965Z",
      "user": 1,
      "content_type": 11,
      "object_id": "40",
      "object_repr": "Like object",
      "action_flag": 3,
      "change_message": ""
   }
},
{
   "model": "admin.logentry",
   "pk": 18,
   "fields": {
      "action_time": "2017-12-25T06:51:23.290Z",
      "user": 1,
      "content_type": 10,
      "object_id": "3",
      "object_repr": "supreme",
      "action_flag": 1,
      "change_message": "[{\"added\": {}}]"
   }
},
{
   "model": "admin.logentry",
   "pk": 19,
   "fields": {
      "action_time": "2017-12-25T10:38:29.177Z",
      "user": 1,
      "content_type": 7,
      "object_id": "6",
      "object_repr": "6 hahah 0 2017-12-25 06:55:08.835952+00:00",
      "action_flag": 3,
      "change_message": ""
   }
},
{
   "model": "admin.logentry",
   "pk": 20,
   "fields": {
      "action_time": "2017-12-25T10:38:29.333Z",
      "user": 1,
      "content_type": 7,
      "object_id": "5",
      "object_repr": "5 cho 0 2017-12-25 06:54:53.243540+00:00",
      "action_flag": 3,
      "change_message": ""
   }
},
{
   "model": "admin.logentry",
   "pk": 21,
   "fields": {
      "action_time": "2017-12-25T10:38:29.422Z",
      "user": 1,
      "content_type": 7,
      "object_id": "4",
      "object_repr": "4 cho 0 2017-12-25 06:54:21.071842+00:00",
      "action_flag": 3,
      "change_message": ""
   }
},
{
   "model": "admin.logentry",
   "pk": 22,
   "fields": {
      "action_time": "2017-12-25T10:38:29.511Z",
      "user": 1,
      "content_type": 7,
      "object_id": "3",
      "object_repr": "3 asd 0 2017-12-25 06:51:45.014144+00:00",
      "action_flag": 3,
      "change_message": ""
   }
},
{
   "model": "admin.logentry",
   "pk": 23,
   "fields": {
      "action_time": "2017-12-25T10:38:29.600Z",
      "user": 1,
      "content_type": 7,
      "object_id": "2",
      "object_repr": "2 mbn 0 2017-12-24 23:25:29.124086+00:00",
      "action_flag": 3,
      "change_message": ""
   }
},
{
   "model": "admin.logentry",
   "pk": 24,
   "fields": {
      "action_time": "2018-01-18T10:06:33.232Z",
      "user": 8,
      "content_type": 7,
      "object_id": "15",
      "object_repr": "15 Kakaya pogoda? 0 2018-01-09 11:54:35.704240+00:00",
      "action_flag": 3,
      "change_message": ""
   }
},
{
   "model": "admin.logentry",
   "pk": 25,
   "fields": {
      "action_time": "2018-01-29T23:59:48.649Z",
      "user": 1,
      "content_type": 7,
      "object_id": "12",
      "object_repr": "12 Go v pubg 1 2017-12-25 11:42:59.252411+00:00",
      "action_flag": 3,
      "change_message": ""
   }
},
{
   "model": "admin.logentry",
   "pk": 26,
   "fields": {
      "action_time": "2018-01-30T02:25:38.793Z",
      "user": 1,
      "content_type": 7,
      "object_id": "16",
      "object_repr": "16 Adaptation test 0 2018-01-29 22:09:40.407262+00:00",
      "action_flag": 3,
      "change_message": ""
   }
},
{
   "model": "admin.logentry",
   "pk": 27,
   "fields": {
      "action_time": "2018-01-30T02:25:38.931Z",
      "user": 1,
      "content_type": 7,
      "object_id": "14",
      "object_repr": "14 Test pagination 0 2018-01-07 16:31:40.719223+00:00",
      "action_flag": 3,
      "change_message": ""
   }
},
{
   "model": "admin.logentry",
   "pk": 28,
   "fields": {
      "action_time": "2018-01-30T02:25:39.036Z",
      "user": 1,
      "content_type": 7,
      "object_id": "13",
      "object_repr": "13 vfasdfsadasdfasdf 0 2017-12-25 12:02:32.422505+00:00",
      "action_flag": 3,
      "change_message": ""
   }
}
]
